location,video_timestamp,video_link,longitude,latitude,geocode_source,geocode_precision,geocode_query,geocode_match,geocode_note
"66th Place & Blackstone Avenue, Chicago",5:06,https://www.youtube.com/watch?v=hVnSvGjBnv4&t=306s,-87.588902,41.774525,census,intersection,6630 S Blackstone Ave,"6630 S BLACKSTONE AVE, CHICAGO, IL, 60637",
"Corner of 39th Street & Drexel Boulevard, Chicago",10:30,https://www.youtube.com/watch?v=hVnSvGjBnv4&t=630s,-87.606343,41.822124,census,intersection,3900 S Drexel Blvd,"3900 S DREXEL BLVD, CHICAGO, IL, 60653",
"Yates Avenue & Kolfax Avenue corridor (75th–79th St), Chicago",14:39,https://www.youtube.com/watch?v=hVnSvGjBnv4&t=879s,-87.561530,41.755363,census,approximate,7700 S Colfax Ave,"7700 S COLFAX AVE, CHICAGO, IL, 60649","corridor midpoint; ""Kolfax"" read as Colfax Avenue"
"79th Street & Essex Avenue, Chicago",16:17,https://www.youtube.com/watch?v=hVnSvGjBnv4&t=977s,-87.563883,41.751706,census,intersection,7900 S Essex Ave,"7900 S ESSEX AVE, CHICAGO, IL, 60617",
"78th Street & Muskegon Avenue (near Exchange), Chicago",23:14,https://www.youtube.com/watch?v=hVnSvGjBnv4&t=1394s,-87.555617,41.753630,census,intersection,7800 S Muskegon Ave,"7800 S MUSKEGON AVE, CHICAGO, IL, 60649",
"7815 South Marquette Avenue, Chicago",24:11,https://www.youtube.com/watch?v=hVnSvGjBnv4&t=1451s,-87.558399,41.753414,census,address,7815 S Marquette Ave,"7815 S MARQUETTE AVE, CHICAGO, IL, 60649",
"Greater Grand Crossing area, Chicago",25:01,https://www.youtube.com/watch?v=hVnSvGjBnv4&t=1501s,-87.615485,41.758041,openstreetmap,neighborhood,"Greater Grand Crossing, Chicago, Illinois","Greater Grand Crossing, Chicago, Hyde Park Township, Cook County, Illinois, United States",
"1300 block of East 72nd Street, Chicago",25:55,https://www.youtube.com/watch?v=hVnSvGjBnv4&t=1555s,-87.593298,41.764235,census,block,1300 E 72nd St,"1300 E 72ND ST, CHICAGO, IL, 60619",
"74th–75th Street & Phillips Avenue, Chicago",26:45,https://www.youtube.com/watch?v=hVnSvGjBnv4&t=1605s,-87.564850,41.759589,census,approximate,7450 S Phillips Ave,"7450 S PHILLIPS AVE, CHICAGO, IL, 60649",between 74th and 75th
"McDonald's at 2425 East 79th Street, Chicago",21:31,https://www.youtube.com/watch?v=hVnSvGjBnv4&t=1291s,-87.565094,41.751687,census,address,2425 E 79th St,"2425 E 79TH ST, CHICAGO, IL, 60649",
"7800 block of South Essex Avenue, Chicago",28:47,https://www.youtube.com/watch?v=hVnSvGjBnv4&t=1727s,-87.563917,41.753520,census,block,7800 S Essex Ave,"7800 S ESSEX AVE, CHICAGO, IL, 60649",
"79th Street & Luella Avenue, Chicago",40:43,https://www.youtube.com/watch?v=hVnSvGjBnv4&t=2443s,-87.569962,41.751626,census,intersection,7900 S Luella Ave,"7900 S LUELLA AVE, CHICAGO, IL, 60617",
"79th Street & Escanaba Avenue, Chicago",33:51,https://www.youtube.com/watch?v=hVnSvGjBnv4&t=2031s,-87.554169,41.751858,census,intersection,7900 S Escanaba Ave,"7900 S ESCANABA AVE, CHICAGO, IL, 60617",
"6801 South Crandon Avenue, Chicago",34:45,https://www.youtube.com/watch?v=hVnSvGjBnv4&t=2085s,-87.569849,41.771641,census,address,6801 S Crandon Ave,"6801 S CRANDON AVE, CHICAGO, IL, 60649",
"2400 block of East 75th Street, Chicago",35:27,https://www.youtube.com/watch?v=hVnSvGjBnv4&t=2127s,-87.566297,41.759046,census,block,2400 E 75th St,"2400 E 75TH ST, CHICAGO, IL, 60649",
"2500 East 79th Street & Essex Avenue, Chicago",35:59,https://www.youtube.com/watch?v=hVnSvGjBnv4&t=2159s,-87.563731,41.751822,census,address,2500 E 79th St,"2500 E 79TH ST, CHICAGO, IL, 60649",
"2600 block of East 79th Street, Chicago",59:57,https://www.youtube.com/watch?v=hVnSvGjBnv4&t=3597s,-87.561310,41.751853,census,block,2600 E 79th St,"2600 E 79TH ST, CHICAGO, IL, 60649",
"8000 block of South Manistee Avenue, Chicago",1:03:37,https://www.youtube.com/watch?v=hVnSvGjBnv4&t=3817s,-87.557789,41.749970,census,block,8000 S Manistee Ave,"8000 S MANISTEE AVE, CHICAGO, IL, 60617",
"7300 block of South Dorchester Avenue, Chicago",1:05:29,https://www.youtube.com/watch?v=hVnSvGjBnv4&t=3929s,-87.590971,41.762315,census,block,7300 S Dorchester Ave,"7300 S DORCHESTER AVE, CHICAGO, IL, 60619",
"7500 block of South Yates Boulevard, Chicago",1:06:26,https://www.youtube.com/watch?v=hVnSvGjBnv4&t=3986s,-87.566449,41.758930,census,block,7500 S Yates Blvd,"7500 S YATES BLVD, CHICAGO, IL, 60649",
"7500 block of South Merrill Avenue, Chicago",1:07:18,https://www.youtube.com/watch?v=hVnSvGjBnv4&t=4038s,-87.572548,41.758872,census,block,7500 S Merrill Ave,"7500 S MERRILL AVE, CHICAGO, IL, 60649",
"2400 block of East 75th Street & South Shore, Chicago",1:08:14,https://www.youtube.com/watch?v=hVnSvGjBnv4&t=4094s,-87.566297,41.759046,census,block,2400 E 75th St,"2400 E 75TH ST, CHICAGO, IL, 60649",
"2400 East 79th St / 7900 South Phillips Ave, Chicago",1:09:15,https://www.youtube.com/watch?v=hVnSvGjBnv4&t=4155s,-87.566157,41.751786,census,address,2400 E 79th St,"2400 E 79TH ST, CHICAGO, IL, 60649",
"2400 block of East 79th Street (McDonald's), Chicago",1:12:58,https://www.youtube.com/watch?v=hVnSvGjBnv4&t=4378s,-87.566157,41.751786,census,block,2400 E 79th St,"2400 E 79TH ST, CHICAGO, IL, 60649",
"7400 block of South Kofax Avenue, Chicago",1:17:16,https://www.youtube.com/watch?v=hVnSvGjBnv4&t=4636s,-87.562518,41.760779,census,block,7400 S Colfax Ave,"7400 S COLFAX AVE, CHICAGO, IL, 60649","""Kofax"" read as Colfax Avenue"
"2700 block of East 80th Street, Chicago",1:18:51,https://www.youtube.com/watch?v=hVnSvGjBnv4&t=4731s,-87.558850,41.750069,census,block,2700 E 80th St,"2700 E 80TH ST, CHICAGO, IL, 60617",
"7500 block of South Kofax Avenue, Chicago",1:28:01,https://www.youtube.com/watch?v=hVnSvGjBnv4&t=5281s,-87.561611,41.758970,census,block,7500 S Colfax Ave,"7500 S COLFAX AVE, CHICAGO, IL, 60649","""Kofax"" read as Colfax Avenue"
"7500 block of South Ellis Avenue, Chicago",1:31:12,https://www.youtube.com/watch?v=hVnSvGjBnv4&t=5472s,-87.600578,41.758102,census,block,7500 S Ellis Ave,"7500 S ELLIS AVE, CHICAGO, IL, 60619",
"Auburn Gresham neighborhood (street unspecified), Chicago",1:50:33,https://www.youtube.com/watch?v=hVnSvGjBnv4&t=6633s,-87.653728,41.743167,openstreetmap,neighborhood,"Auburn Gresham, Chicago, Illinois","Auburn Gresham, Chicago, Lake Township, Cook County, Illinois, 60620, United States",
"1500 block of East 82nd Street, Chicago",1:55:20,https://www.youtube.com/watch?v=hVnSvGjBnv4&t=6920s,-87.587561,41.746055,census,block,1500 E 82nd St,"1500 E 82ND ST, CHICAGO, IL, 60619",
"7900 block of South Phillips Avenue, Chicago",1:56:25,https://www.youtube.com/watch?v=hVnSvGjBnv4&t=6985s,-87.565071,41.750236,census,block,7900 S Phillips Ave,"7900 S PHILLIPS AVE, CHICAGO, IL, 60617",
"East 75th Street & South Coles Avenue, Chicago",1:57:13,https://www.youtube.com/watch?v=hVnSvGjBnv4&t=7033s,-87.558633,41.759784,census,intersection,7500 S Coles Ave,"7500 S COLES AVE, CHICAGO, IL, 60649",
"First block of East Roosevelt Road, Chicago",2:20:34,https://www.youtube.com/watch?v=hVnSvGjBnv4&t=8434s,-87.627256,41.867284,census,block,1 E Roosevelt Rd,"1 ROOSEVELT RD, CHICAGO, IL, 60605",
"Chicago Midway International Airport, Chicago",2:17:37,https://www.youtube.com/watch?v=hVnSvGjBnv4&t=8257s,-87.751724,41.785514,openstreetmap,landmark,Chicago Midway International Airport,"Chicago Midway International Airport, 5700, South Cicero Avenue, Garfield Ridge, Chicago, Lake Township, Cook County, Illinois, 60638, United States",
"7600 block of South Kingston Avenue, Chicago",2:05:41,https://www.youtube.com/watch?v=hVnSvGjBnv4&t=7541s,-87.562776,41.757161,census,block,7600 S Kingston Ave,"7600 S KINGSTON AVE, CHICAGO, IL, 60649",
"8600 block of South Exchange Avenue, Chicago",2:35:22,https://www.youtube.com/watch?v=hVnSvGjBnv4&t=9322s,-87.552764,41.739127,census,block,8600 S Exchange Ave,"8600 S EXCHANGE AVE, CHICAGO, IL, 60617",
"7800 block of South Phillips Avenue, Chicago",2:35:47,https://www.youtube.com/watch?v=hVnSvGjBnv4&t=9347s,-87.565131,41.753503,census,block,7800 S Phillips Ave,"7800 S PHILLIPS AVE, CHICAGO, IL, 60649",
"7800 block of South Essex Avenue, Chicago (2nd incident)",2:36:19,https://www.youtube.com/watch?v=hVnSvGjBnv4&t=9379s,-87.563917,41.753520,census,block,7800 S Essex Ave,"7800 S ESSEX AVE, CHICAGO, IL, 60649",same block as an earlier incident
"McKinley Park, Chicago",2:48:48,https://www.youtube.com/watch?v=hVnSvGjBnv4&t=10128s,-87.673664,41.831700,openstreetmap,neighborhood,"McKinley Park, Chicago, Illinois","McKinley Park, Chicago, South Chicago Township, Cook County, Illinois, United States",
"7000 block of South Damon Avenue, Chicago",2:49:10,https://www.youtube.com/watch?v=hVnSvGjBnv4&t=10150s,-87.673619,41.765206,census,block,7000 S Damen Ave,"7000 S DAMEN AVE, CHICAGO, IL, 60636","""Damon"" read as Damen Avenue"
"6900 block of South Woodlawn Avenue, Chicago",2:49:34,https://www.youtube.com/watch?v=hVnSvGjBnv4&t=10174s,-87.595330,41.769821,census,block,6900 S Woodlawn Ave,"6900 S WOODLAWN AVE, CHICAGO, IL, 60637",
"1931 South State Street, Chicago",2:50:05,https://www.youtube.com/watch?v=hVnSvGjBnv4&t=10205s,-87.627089,41.856191,census,address,1931 S State St,"1931 S STATE ST, CHICAGO, IL, 60616",
"2500 block West 79th Street, Chicago",2:52:08,https://www.youtube.com/watch?v=hVnSvGjBnv4&t=10328s,-87.685368,41.750121,census,block,2500 W 79th St,"2500 W 79TH ST, CHICAGO, IL, 60652",
